<?xml version="1.0" encoding="UTF-8"?>
<!DOCTYPE mapper PUBLIC "-//mybatis.org//DTD Mapper 3.0//EN" "http://mybatis.org/dtd/mybatis-3-mapper.dtd">
<mapper namespace="com.base.mapper.ChatMapper">

    <!-- 通用查询映射结果 -->
    <resultMap id="BaseResultMap" type="com.base.bean.Chat">
        <id column="id" property="id" />
        <result column="content" property="content" />
        <result column="sendName" property="sendName" />
        <result column="recvName" property="recvName" />
        <result column="sendId" property="sendId" />
        <result column="recvId" property="recvId" />
        <result column="create_time" property="createTime" />
    </resultMap>

    <!-- 通用查询结果列 -->
    <sql id="Base_Column_List">
        id, content, sendName, recvName, sendId, recvId, create_time
    </sql>

</mapper>
