<?xml version="1.0" encoding="UTF-8"?>
<!DOCTYPE mapper PUBLIC "-//mybatis.org//DTD Mapper 3.0//EN" "http://mybatis.org/dtd/mybatis-3-mapper.dtd">
<mapper namespace="com.base.mapper.PatientMapper">

    <!-- 通用查询映射结果 -->
    <resultMap id="BaseResultMap" type="com.base.bean.Patient">
        <id column="id" property="id" />
        <result column="medical_treatment_no" property="medicalTreatmentNo" />
        <result column="email" property="email" />
        <result column="password" property="password" />
        <result column="real_name" property="realName" />
        <result column="price" property="price" />
        <result column="contact_information" property="contactInformation" />
        <result column="birthday" property="birthday" />
        <result column="create_time" property="createTime" />
        <result column="update_time" property="updateTime" />
    </resultMap>

    <!-- 通用查询结果列 -->
    <sql id="Base_Column_List">
        id, medical_treatment_no, email, password, real_name, price, contact_information, birthday, create_time, update_time
    </sql>

</mapper>
